http://www.hse.ru/education/faculty/	__www.hse.ru_education_faculty_
http://www.hse.ru/education/search/search.html	__www.hse.ru_education_search_search.html
http://www.hse.ru/contacts.html	__www.hse.ru_contacts.html
http://www.hse.ru/antiplagiat.html	__www.hse.ru_antiplagiat.html
http://igiti.hse.ru/fakul/index.html	__igiti.hse.ru_fakul_index.html
http://dcenter.hse.ru/mon/67374232.html	__dcenter.hse.ru_mon_67374232.html
http://ipcrem.hse.ru/announcements/163173790.html	__ipcrem.hse.ru_announcements_163173790.html
http://igiti.hse.ru/announcements/163171090.html	__igiti.hse.ru_announcements_163171090.html
http://hist.hse.ru/source/announcements/156708594.html	__hist.hse.ru_source_announcements_156708594.html
http://www.hse.ru/news/151663323.html	__www.hse.ru_news_151663323.html
http://www.hse.ru/news/135340522.html	__www.hse.ru_news_135340522.html
http://www.hse.ru/ba/cultural/news/145024258.html	__www.hse.ru_ba_cultural_news_145024258.html
http://pravo.hse.ru/finlaw/announcements/143034212.html	__pravo.hse.ru_finlaw_announcements_143034212.html
http://phil.hse.ru/plc/announcements/145725303.html